PassengerId,Survived,Pclass,Sex,Age,SibSp,Parch,Ticket,Fare,Cabin,Embarked,Hash
1,0,3,male,22.0,1,0,A/5 21171,7.25,,S,6c969dc7
2,1,1,female,38.0,1,0,PC 17599,71.2833,C85,C,f7ad2d69
3,1,3,female,26.0,0,0,STON/O2. 3101282,7.925,,S,7eb1fa77
4,1,1,female,35.0,1,0,113803,53.1,C123,S,c8a06e74
5,0,3,male,35.0,0,0,373450,8.05,,S,885e53ea
6,0,3,male,,0,0,330877,8.4583,,Q,fab68f7e
7,0,1,male,54.0,0,0,17463,51.8625,E46,S,558f7a85
8,0,3,male,2.0,3,1,349909,21.075,,S,cbd46ee4
9,1,3,female,27.0,0,2,347742,11.1333,,S,3f3b1d43
10,1,2,female,14.0,1,0,237736,30.0708,,C,c54fde5d
11,1,3,female,4.0,1,1,PP 9549,16.7,G6,S,97901174
12,1,1,female,58.0,0,0,113783,26.55,C103,S,0eb86cd7
13,0,3,male,20.0,0,0,A/5. 2151,8.05,,S,0384acda
14,0,3,male,39.0,1,5,347082,31.275,,S,a985d9cf
15,0,3,female,14.0,0,0,350406,7.8542,,S,d8e1ad4d
16,1,2,female,55.0,0,0,248706,16.0,,S,e46eaa96
17,0,3,male,2.0,4,1,382652,29.125,,Q,f508fe55
18,1,2,male,,0,0,244373,13.0,,S,511a68b4
19,0,3,female,31.0,1,0,345763,18.0,,S,236eeffb
20,1,3,female,,0,0,2649,7.225,,C,85e47437
21,0,2,male,35.0,0,0,239865,26.0,,S,98a687ae
22,1,2,male,34.0,0,0,248698,13.0,D56,S,b218f39a
23,1,3,female,15.0,0,0,330923,8.0292,,Q,065abc27
24,1,1,male,28.0,0,0,113788,35.5,A6,S,a39463cc
25,0,3,female,8.0,3,1,349909,21.075,,S,3dc05081
26,1,3,female,38.0,1,5,347077,31.3875,,S,aac51896
27,0,3,male,,0,0,2631,7.225,,C,c05a3f0b
28,0,1,male,19.0,3,2,19950,263.0,C23 C25 C27,S,2b0d1185
29,1,3,female,,0,0,330959,7.8792,,Q,93fd99ce
30,0,3,male,,0,0,349216,7.8958,,S,9b6b9c6b
31,0,1,male,40.0,0,0,PC 17601,27.7208,,C,abbb4b5e
32,1,1,female,,1,0,PC 17569,146.5208,B78,C,0096b593
33,1,3,female,,0,0,335677,7.75,,Q,f7312ab6
34,0,2,male,66.0,0,0,C.A. 24579,10.5,,S,a0477fd2
35,0,1,male,28.0,1,0,PC 17604,82.1708,,C,0b93db89
36,0,1,male,42.0,1,0,113789,52.0,,S,bae4087c
37,1,3,male,,0,0,2677,7.2292,,C,dc004cc1
38,0,3,male,21.0,0,0,A./5. 2152,8.05,,S,5bb4835e
39,0,3,female,18.0,2,0,345764,18.0,,S,af188059
40,1,3,female,14.0,1,0,2651,11.2417,,C,5a6ce92c
41,0,3,female,40.0,1,0,7546,9.475,,S,44b5884a
42,0,2,female,27.0,1,0,11668,21.0,,S,5e6a55df
43,0,3,male,,0,0,349253,7.8958,,C,bf7b6511
44,1,2,female,3.0,1,2,SC/Paris 2123,41.5792,,C,f96bc1a6
45,1,3,female,19.0,0,0,330958,7.8792,,Q,9f818739
46,0,3,male,,0,0,S.C./A.4. 23567,8.05,,S,948059af
47,0,3,male,,1,0,370371,15.5,,Q,19162f22
48,1,3,female,,0,0,14311,7.75,,Q,d03167f9
49,0,3,male,,2,0,2662,21.6792,,C,845d62b1
50,0,3,female,18.0,1,0,349237,17.8,,S,7cbc41b6
51,0,3,male,7.0,4,1,3101295,39.6875,,S,0d4593e3
52,0,3,male,21.0,0,0,A/4. 39886,7.8,,S,fc6d619d
53,1,1,female,49.0,1,0,PC 17572,76.7292,D33,C,fc2e90ad
54,1,2,female,29.0,1,0,2926,26.0,,S,2795be35
55,0,1,male,65.0,0,1,113509,61.9792,B30,C,15ae69e7
56,1,1,male,,0,0,19947,35.5,C52,S,56ca84cb
57,1,2,female,21.0,0,0,C.A. 31026,10.5,,S,e9897dbe
58,0,3,male,28.5,0,0,2697,7.2292,,C,323a74bf
59,1,2,female,5.0,1,2,C.A. 34651,27.75,,S,aa415d27
60,0,3,male,11.0,5,2,CA 2144,46.9,,S,11080a6e
61,0,3,male,22.0,0,0,2669,7.2292,,C,32fdbc06
62,1,1,female,38.0,0,0,113572,80.0,B28,,e8968ac4
63,0,1,male,45.0,1,0,36973,83.475,C83,S,206d2680
64,0,3,male,4.0,3,2,347088,27.9,,S,59630cd3
65,0,1,male,,0,0,PC 17605,27.7208,,C,109f1a64
66,1,3,male,,1,1,2661,15.2458,,C,84a1c27c
67,1,2,female,29.0,0,0,C.A. 29395,10.5,F33,S,6c2ddd0a
68,0,3,male,19.0,0,0,S.P. 3464,8.1583,,S,8b61c0f6
69,1,3,female,17.0,4,2,3101281,7.925,,S,262b2e04
70,0,3,male,26.0,2,0,315151,8.6625,,S,c71b18eb
71,0,2,male,32.0,0,0,C.A. 33111,10.5,,S,321b1bba
72,0,3,female,16.0,5,2,CA 2144,46.9,,S,d3292de2
73,0,2,male,21.0,0,0,S.O.C. 14879,73.5,,S,0431676a
74,0,3,male,26.0,1,0,2680,14.4542,,C,0f7cbe8d
75,1,3,male,32.0,0,0,1601,56.4958,,S,a9548df6
76,0,3,male,25.0,0,0,348123,7.65,F G73,S,668c6be4
77,0,3,male,,0,0,349208,7.8958,,S,50c8f021
78,0,3,male,,0,0,374746,8.05,,S,bcee2fbf
79,1,2,male,0.83,0,2,248738,29.0,,S,3709e8b1
80,1,3,female,30.0,0,0,364516,12.475,,S,da555c60
81,0,3,male,22.0,0,0,345767,9.0,,S,2b698c78
82,1,3,male,29.0,0,0,345779,9.5,,S,2d273a02
83,1,3,female,,0,0,330932,7.7875,,Q,c5bb95fb
84,0,1,male,28.0,0,0,113059,47.1,,S,136caeea
85,1,2,female,17.0,0,0,SO/C 14885,10.5,,S,cad5ffa5
86,1,3,female,33.0,3,0,3101278,15.85,,S,4929ebd3
87,0,3,male,16.0,1,3,W./C. 6608,34.375,,S,104ffc72
88,0,3,male,,0,0,SOTON/OQ 392086,8.05,,S,95f0ef7b
89,1,1,female,23.0,3,2,19950,263.0,C23 C25 C27,S,10fa7807
90,0,3,male,24.0,0,0,343275,8.05,,S,e34e0d5b
91,0,3,male,29.0,0,0,343276,8.05,,S,c5ce7b6c
92,0,3,male,20.0,0,0,347466,7.8542,,S,da51bb29
93,0,1,male,46.0,1,0,W.E.P. 5734,61.175,E31,S,a1a93e10
94,0,3,male,26.0,1,2,C.A. 2315,20.575,,S,6aa8c974
95,0,3,male,59.0,0,0,364500,7.25,,S,44906146
96,0,3,male,,0,0,374910,8.05,,S,dc66d7cd
97,0,1,male,71.0,0,0,PC 17754,34.6542,A5,C,8cd0678d
98,1,1,male,23.0,0,1,PC 17759,63.3583,D10 D12,C,1f6fff5b
99,1,2,female,34.0,0,1,231919,23.0,,S,9d837a1f
100,0,2,male,34.0,1,0,244367,26.0,,S,8c5de914
101,0,3,female,28.0,0,0,349245,7.8958,,S,95322a68
102,0,3,male,,0,0,349215,7.8958,,S,bb0667a8
103,0,1,male,21.0,0,1,35281,77.2875,D26,S,a145c6dd
104,0,3,male,33.0,0,0,7540,8.6542,,S,94b7d445
105,0,3,male,37.0,2,0,3101276,7.925,,S,ce266d8c
106,0,3,male,28.0,0,0,349207,7.8958,,S,24de4e7f
107,1,3,female,21.0,0,0,343120,7.65,,S,6af9137f
108,1,3,male,,0,0,312991,7.775,,S,3a44460f
109,0,3,male,38.0,0,0,349249,7.8958,,S,2c1a0901
110,1,3,female,,1,0,371110,24.15,,Q,53bc21c1
111,0,1,male,47.0,0,0,110465,52.0,C110,S,77b81d22
112,0,3,female,14.5,1,0,2665,14.4542,,C,207cc5bf
113,0,3,male,22.0,0,0,324669,8.05,,S,1c3d1b82
114,0,3,female,20.0,1,0,4136,9.825,,S,6be2c591
115,0,3,female,17.0,0,0,2627,14.4583,,C,e9295c21
116,0,3,male,21.0,0,0,STON/O 2. 3101294,7.925,,S,960ce539
117,0,3,male,70.5,0,0,370369,7.75,,Q,4e6d1160
118,0,2,male,29.0,1,0,11668,21.0,,S,32218a63
119,0,1,male,24.0,0,1,PC 17558,247.5208,B58 B60,C,49fce423
120,0,3,female,2.0,4,2,347082,31.275,,S,bdde7a16
121,0,2,male,21.0,2,0,S.O.C. 14879,73.5,,S,238ea665
122,0,3,male,,0,0,A4. 54510,8.05,,S,ebd0ec9e
123,0,2,male,32.5,1,0,237736,30.0708,,C,c38fe780
124,1,2,female,32.5,0,0,27267,13.0,E101,S,974b9f35
125,0,1,male,54.0,0,1,35281,77.2875,D26,S,23f47f19
126,1,3,male,12.0,1,0,2651,11.2417,,C,2322a1b8
127,0,3,male,,0,0,370372,7.75,,Q,cebd06a4
128,1,3,male,24.0,0,0,C 17369,7.1417,,S,57442127
129,1,3,female,,1,1,2668,22.3583,F E69,C,71ee6023
130,0,3,male,45.0,0,0,347061,6.975,,S,b01e8f66
131,0,3,male,33.0,0,0,349241,7.8958,,C,35cd2424
132,0,3,male,20.0,0,0,SOTON/O.Q. 3101307,7.05,,S,a6a43637
133,0,3,female,47.0,1,0,A/5. 3337,14.5,,S,a92eb459
134,1,2,female,29.0,1,0,228414,26.0,,S,ab11516b
135,0,2,male,25.0,0,0,C.A. 29178,13.0,,S,0e4e9f75
136,0,2,male,23.0,0,0,SC/PARIS 2133,15.0458,,C,7ad199a1
137,1,1,female,19.0,0,2,11752,26.2833,D47,S,b0d9142d
138,0,1,male,37.0,1,0,113803,53.1,C123,S,971c417e
139,0,3,male,16.0,0,0,7534,9.2167,,S,e4b83352
140,0,1,male,24.0,0,0,PC 17593,79.2,B86,C,c3db8b38
141,0,3,female,,0,2,2678,15.2458,,C,933aefef
142,1,3,female,22.0,0,0,347081,7.75,,S,568b8586
143,1,3,female,24.0,1,0,STON/O2. 3101279,15.85,,S,81ac3910
144,0,3,male,19.0,0,0,365222,6.75,,Q,49757ff7
145,0,2,male,18.0,0,0,231945,11.5,,S,1f48bc0c
146,0,2,male,19.0,1,1,C.A. 33112,36.75,,S,e37cc1d4
147,1,3,male,27.0,0,0,350043,7.7958,,S,891130f5
148,0,3,female,9.0,2,2,W./C. 6608,34.375,,S,0c74869f
149,0,2,male,36.5,0,2,230080,26.0,F2,S,ce08fab4
150,0,2,male,42.0,0,0,244310,13.0,,S,c5afee51
151,0,2,male,51.0,0,0,S.O.P. 1166,12.525,,S,ad1cfa19
152,1,1,female,22.0,1,0,113776,66.6,C2,S,7e53dd0e
153,0,3,male,55.5,0,0,A.5. 11206,8.05,,S,6845f9ea
154,0,3,male,40.5,0,2,A/5. 851,14.5,,S,4554dcb6
155,0,3,male,,0,0,Fa 265302,7.3125,,S,c34b449c
156,0,1,male,51.0,0,1,PC 17597,61.3792,,C,ed100701
157,1,3,female,16.0,0,0,35851,7.7333,,Q,4a766aab
158,0,3,male,30.0,0,0,SOTON/OQ 392090,8.05,,S,36eb660a
159,0,3,male,,0,0,315037,8.6625,,S,9f6dc6d1
160,0,3,male,,8,2,CA. 2343,69.55,,S,4b75799c
161,0,3,male,44.0,0,1,371362,16.1,,S,5c625066
162,1,2,female,40.0,0,0,C.A. 33595,15.75,,S,2958bd7c
163,0,3,male,26.0,0,0,347068,7.775,,S,a6a8c44e
164,0,3,male,17.0,0,0,315093,8.6625,,S,257f5ba0
165,0,3,male,1.0,4,1,3101295,39.6875,,S,15abde15
166,1,3,male,9.0,0,2,363291,20.525,,S,1619733f
167,1,1,female,,0,1,113505,55.0,E33,S,942f07ee
168,0,3,female,45.0,1,4,347088,27.9,,S,2a001f6f
169,0,1,male,,0,0,PC 17318,25.925,,S,f1e5a48e
170,0,3,male,28.0,0,0,1601,56.4958,,S,e688a6e1
171,0,1,male,61.0,0,0,111240,33.5,B19,S,557b8e5b
172,0,3,male,4.0,4,1,382652,29.125,,Q,2be66c98
173,1,3,female,1.0,1,1,347742,11.1333,,S,8cfaeb18
174,0,3,male,21.0,0,0,STON/O 2. 3101280,7.925,,S,5dfc1e31
175,0,1,male,56.0,0,0,17764,30.6958,A7,C,4d6fa0fc
176,0,3,male,18.0,1,1,350404,7.8542,,S,bebe25c0
177,0,3,male,,3,1,4133,25.4667,,S,19f87518
178,0,1,female,50.0,0,0,PC 17595,28.7125,C49,C,a10d0461
179,0,2,male,30.0,0,0,250653,13.0,,S,5ee3e456
180,0,3,male,36.0,0,0,LINE,0.0,,S,44254399
181,0,3,female,,8,2,CA. 2343,69.55,,S,5222b037
182,0,2,male,,0,0,SC/PARIS 2131,15.05,,C,7eb7d6da
183,0,3,male,9.0,4,2,347077,31.3875,,S,9d51ca70
184,1,2,male,1.0,2,1,230136,39.0,F4,S,13c513f0
185,1,3,female,4.0,0,2,315153,22.025,,S,d7e539ad
186,0,1,male,,0,0,113767,50.0,A32,S,f6c7ff13
187,1,3,female,,1,0,370365,15.5,,Q,ef52bd7f
188,1,1,male,45.0,0,0,111428,26.55,,S,4a8966e6
189,0,3,male,40.0,1,1,364849,15.5,,Q,94a6896d
190,0,3,male,36.0,0,0,349247,7.8958,,S,4804f78f
191,1,2,female,32.0,0,0,234604,13.0,,S,72fc9bde
192,0,2,male,19.0,0,0,28424,13.0,,S,bd5c580c
193,1,3,female,19.0,1,0,350046,7.8542,,S,709cfca3
194,1,2,male,3.0,1,1,230080,26.0,F2,S,82074d04
195,1,1,female,44.0,0,0,PC 17610,27.7208,B4,C,8b3c56f2
196,1,1,female,58.0,0,0,PC 17569,146.5208,B80,C,6191666f
197,0,3,male,,0,0,368703,7.75,,Q,bcb940ed
198,0,3,male,42.0,0,1,4579,8.4042,,S,e4333982
199,1,3,female,,0,0,370370,7.75,,Q,a259c1f7
200,0,2,female,24.0,0,0,248747,13.0,,S,cea5f98b
201,0,3,male,28.0,0,0,345770,9.5,,S,2bb505ec
202,0,3,male,,8,2,CA. 2343,69.55,,S,589a76e7
203,0,3,male,34.0,0,0,3101264,6.4958,,S,0eb4359a
204,0,3,male,45.5,0,0,2628,7.225,,C,f6f93be1
205,1,3,male,18.0,0,0,A/5 3540,8.05,,S,52f741f2
206,0,3,female,2.0,0,1,347054,10.4625,G6,S,de82902d
207,0,3,male,32.0,1,0,3101278,15.85,,S,e3078bd6
208,1,3,male,26.0,0,0,2699,18.7875,,C,0fbc35e3
209,1,3,female,16.0,0,0,367231,7.75,,Q,09ec74b1
210,1,1,male,40.0,0,0,112277,31.0,A31,C,2bddf877
211,0,3,male,24.0,0,0,SOTON/O.Q. 3101311,7.05,,S,fd376c05
212,1,2,female,35.0,0,0,F.C.C. 13528,21.0,,S,ef0fad34
213,0,3,male,22.0,0,0,A/5 21174,7.25,,S,e1e6423b
214,0,2,male,30.0,0,0,250646,13.0,,S,405a5e02
215,0,3,male,,1,0,367229,7.75,,Q,3876c1a3
216,1,1,female,31.0,1,0,35273,113.275,D36,C,35c91240
217,1,3,female,27.0,0,0,STON/O2. 3101283,7.925,,S,a707bf9a
218,0,2,male,42.0,1,0,243847,27.0,,S,99a74ddc
219,1,1,female,32.0,0,0,11813,76.2917,D15,C,084538f3
220,0,2,male,30.0,0,0,W/C 14208,10.5,,S,87981a90
221,1,3,male,16.0,0,0,SOTON/OQ 392089,8.05,,S,2f1e495b
222,0,2,male,27.0,0,0,220367,13.0,,S,e1315bce
223,0,3,male,51.0,0,0,21440,8.05,,S,3ab94372
224,0,3,male,,0,0,349234,7.8958,,S,f9eca582
225,1,1,male,38.0,1,0,19943,90.0,C93,S,5f5f9d87
226,0,3,male,22.0,0,0,PP 4348,9.35,,S,968ae7c6
227,1,2,male,19.0,0,0,SW/PP 751,10.5,,S,fee89b75
228,0,3,male,20.5,0,0,A/5 21173,7.25,,S,2608543a
229,0,2,male,18.0,0,0,236171,13.0,,S,572055eb
230,0,3,female,,3,1,4133,25.4667,,S,4179b28f
231,1,1,female,35.0,1,0,36973,83.475,C83,S,f7ef7e0e
232,0,3,male,29.0,0,0,347067,7.775,,S,726fa0b8
233,0,2,male,59.0,0,0,237442,13.5,,S,17cf17a6
234,1,3,female,5.0,4,2,347077,31.3875,,S,5920375c
235,0,2,male,24.0,0,0,C.A. 29566,10.5,,S,0f6b4d05
236,0,3,female,,0,0,W./C. 6609,7.55,,S,b4516f7e
237,0,2,male,44.0,1,0,26707,26.0,,S,abd6bbc3
238,1,2,female,8.0,0,2,C.A. 31921,26.25,,S,6fc5fbd4
239,0,2,male,19.0,0,0,28665,10.5,,S,9de3cd74
240,0,2,male,33.0,0,0,SCO/W 1585,12.275,,S,9850de00
241,0,3,female,,1,0,2665,14.4542,,C,0ccb81b8
242,1,3,female,,1,0,367230,15.5,,Q,760853f6
243,0,2,male,29.0,0,0,W./C. 14263,10.5,,S,e5773607
244,0,3,male,22.0,0,0,STON/O 2. 3101275,7.125,,S,55f6e1e9
245,0,3,male,30.0,0,0,2694,7.225,,C,b83e987f
246,0,1,male,44.0,2,0,19928,90.0,C78,Q,43aef668
247,0,3,female,25.0,0,0,347071,7.775,,S,a4a8aceb
248,1,2,female,24.0,0,2,250649,14.5,,S,0da8c264
249,1,1,male,37.0,1,1,11751,52.5542,D35,S,c8749b18
250,0,2,male,54.0,1,0,244252,26.0,,S,6718e6f5
251,0,3,male,,0,0,362316,7.25,,S,7d248b7b
252,0,3,female,29.0,1,1,347054,10.4625,G6,S,185c5727
253,0,1,male,62.0,0,0,113514,26.55,C87,S,b71466b7
254,0,3,male,30.0,1,0,A/5. 3336,16.1,,S,4b752b6b
255,0,3,female,41.0,0,2,370129,20.2125,,S,a14036b2
256,1,3,female,29.0,0,2,2650,15.2458,,C,fb9dde9f
257,1,1,female,,0,0,PC 17585,79.2,,C,a8189a7b
258,1,1,female,30.0,0,0,110152,86.5,B77,S,e23d0899
259,1,1,female,35.0,0,0,PC 17755,512.3292,,C,fe3fdfb6
260,1,2,female,50.0,0,1,230433,26.0,,S,dd5acc55
261,0,3,male,,0,0,384461,7.75,,Q,2a2a8760
262,1,3,male,3.0,4,2,347077,31.3875,,S,5c9c5a13
263,0,1,male,52.0,1,1,110413,79.65,E67,S,7f44187c
264,0,1,male,40.0,0,0,112059,0.0,B94,S,db7ba169
265,0,3,female,,0,0,382649,7.75,,Q,34a7d02f
266,0,2,male,36.0,0,0,C.A. 17248,10.5,,S,1846e3fa
267,0,3,male,16.0,4,1,3101295,39.6875,,S,78e940fb
268,1,3,male,25.0,1,0,347083,7.775,,S,36bb96ab
269,1,1,female,58.0,0,1,PC 17582,153.4625,C125,S,01f5bd78
270,1,1,female,35.0,0,0,PC 17760,135.6333,C99,S,2caa8b30
271,0,1,male,,0,0,113798,31.0,,S,78cc3eb5
272,1,3,male,25.0,0,0,LINE,0.0,,S,e6ac227d
273,1,2,female,41.0,0,1,250644,19.5,,S,f0f5a2b4
274,0,1,male,37.0,0,1,PC 17596,29.7,C118,C,a271676d
275,1,3,female,,0,0,370375,7.75,,Q,03c5c3bd
276,1,1,female,63.0,1,0,13502,77.9583,D7,S,291e1795
277,0,3,female,45.0,0,0,347073,7.75,,S,a66f38f3
278,0,2,male,,0,0,239853,0.0,,S,94746719
279,0,3,male,7.0,4,1,382652,29.125,,Q,0292c599
280,1,3,female,35.0,1,1,C.A. 2673,20.25,,S,203278e0
281,0,3,male,65.0,0,0,336439,7.75,,Q,1db7ca06
282,0,3,male,28.0,0,0,347464,7.8542,,S,c6c8bffd
283,0,3,male,16.0,0,0,345778,9.5,,S,ecfaead4
284,1,3,male,19.0,0,0,A/5. 10482,8.05,,S,b43c02fb
285,0,1,male,,0,0,113056,26.0,A19,S,6aa8c7d8
286,0,3,male,33.0,0,0,349239,8.6625,,C,ae7faad8
287,1,3,male,30.0,0,0,345774,9.5,,S,5cb78658
288,0,3,male,22.0,0,0,349206,7.8958,,S,588a3258
289,1,2,male,42.0,0,0,237798,13.0,,S,232668e4
290,1,3,female,22.0,0,0,370373,7.75,,Q,44d95842
291,1,1,female,26.0,0,0,19877,78.85,,S,1db04210
292,1,1,female,19.0,1,0,11967,91.0792,B49,C,660dece7
293,0,2,male,36.0,0,0,SC/Paris 2163,12.875,D,C,c5885950
294,0,3,female,24.0,0,0,349236,8.85,,S,a72ebb56
295,0,3,male,24.0,0,0,349233,7.8958,,S,21ea8b95
296,0,1,male,,0,0,PC 17612,27.7208,,C,7d0afcea
297,0,3,male,23.5,0,0,2693,7.2292,,C,bf21ef9c
298,0,1,female,2.0,1,2,113781,151.55,C22 C26,S,7cdb3f69
299,1,1,male,,0,0,19988,30.5,C106,S,2c05ff10
300,1,1,female,50.0,0,1,PC 17558,247.5208,B58 B60,C,3c275b61
301,1,3,female,,0,0,9234,7.75,,Q,b80b211a
302,1,3,male,,2,0,367226,23.25,,Q,fa089fec
303,0,3,male,19.0,0,0,LINE,0.0,,S,845cf66a
304,1,2,female,,0,0,226593,12.35,E101,Q,e7dd3ad9
305,0,3,male,,0,0,A/5 2466,8.05,,S,693ce4d2
306,1,1,male,0.92,1,2,113781,151.55,C22 C26,S,764c14f5
307,1,1,female,,0,0,17421,110.8833,,C,2056352a
308,1,1,female,17.0,1,0,PC 17758,108.9,C65,C,f5f362ca
309,0,2,male,30.0,1,0,P/PP 3381,24.0,,C,080724d2
310,1,1,female,30.0,0,0,PC 17485,56.9292,E36,C,1f2afe57
311,1,1,female,24.0,0,0,11767,83.1583,C54,C,eabe386c
312,1,1,female,18.0,2,2,PC 17608,262.375,B57 B59 B63 B66,C,2e72aed7
313,0,2,female,26.0,1,1,250651,26.0,,S,cca5a87e
314,0,3,male,28.0,0,0,349243,7.8958,,S,3769a148
315,0,2,male,43.0,1,1,F.C.C. 13529,26.25,,S,ab511383
316,1,3,female,26.0,0,0,347470,7.8542,,S,938a00a1
317,1,2,female,24.0,1,0,244367,26.0,,S,6214235e
318,0,2,male,54.0,0,0,29011,14.0,,S,d241aa68
319,1,1,female,31.0,0,2,36928,164.8667,C7,S,a7933349
320,1,1,female,40.0,1,1,16966,134.5,E34,C,0fe8b9ab
321,0,3,male,22.0,0,0,A/5 21172,7.25,,S,34b5a93d
322,0,3,male,27.0,0,0,349219,7.8958,,S,f28208e9
323,1,2,female,30.0,0,0,234818,12.35,,Q,a0b0f7ef
324,1,2,female,22.0,1,1,248738,29.0,,S,0b43c2f6
325,0,3,male,,8,2,CA. 2343,69.55,,S,b950435b
326,1,1,female,36.0,0,0,PC 17760,135.6333,C32,C,372e9f6e
327,0,3,male,61.0,0,0,345364,6.2375,,S,3187728b
328,1,2,female,36.0,0,0,28551,13.0,D,S,b5d8b399
329,1,3,female,31.0,1,1,363291,20.525,,S,4f051de9
330,1,1,female,16.0,0,1,111361,57.9792,B18,C,e288f89d
331,1,3,female,,2,0,367226,23.25,,Q,8522b089
332,0,1,male,45.5,0,0,113043,28.5,C124,S,cfe62890
333,0,1,male,38.0,0,1,PC 17582,153.4625,C91,S,6242ecbc
334,0,3,male,16.0,2,0,345764,18.0,,S,b2d9be31
335,1,1,female,,1,0,PC 17611,133.65,,S,02a3759e
336,0,3,male,,0,0,349225,7.8958,,S,b6d1e65b
337,0,1,male,29.0,1,0,113776,66.6,C2,S,9bd537d1
338,1,1,female,41.0,0,0,16966,134.5,E40,C,c7be53a8
339,1,3,male,45.0,0,0,7598,8.05,,S,9e4de91f
340,0,1,male,45.0,0,0,113784,35.5,T,S,fd786b6c
341,1,2,male,2.0,1,1,230080,26.0,F2,S,19c33205
342,1,1,female,24.0,3,2,19950,263.0,C23 C25 C27,S,472e9e77
343,0,2,male,28.0,0,0,248740,13.0,,S,b4ea062c
344,0,2,male,25.0,0,0,244361,13.0,,S,285ca3ce
345,0,2,male,36.0,0,0,229236,13.0,,S,ca010bdd
346,1,2,female,24.0,0,0,248733,13.0,F33,S,93dac422
347,1,2,female,40.0,0,0,31418,13.0,,S,e32b48e3
348,1,3,female,,1,0,386525,16.1,,S,78e78fb7
349,1,3,male,3.0,1,1,C.A. 37671,15.9,,S,0f9e0c95
350,0,3,male,42.0,0,0,315088,8.6625,,S,f6dea2c3
351,0,3,male,23.0,0,0,7267,9.225,,S,844ef3e6
352,0,1,male,,0,0,113510,35.0,C128,S,79c90705
353,0,3,male,15.0,1,1,2695,7.2292,,C,6b01ec64
354,0,3,male,25.0,1,0,349237,17.8,,S,63902dce
355,0,3,male,,0,0,2647,7.225,,C,9e68124a
356,0,3,male,28.0,0,0,345783,9.5,,S,47a1d97b
357,1,1,female,22.0,0,1,113505,55.0,E33,S,92531b64
358,0,2,female,38.0,0,0,237671,13.0,,S,ee7c2e39
359,1,3,female,,0,0,330931,7.8792,,Q,3bf3edaf
360,1,3,female,,0,0,330980,7.8792,,Q,3530c302
361,0,3,male,40.0,1,4,347088,27.9,,S,8c522d5f
362,0,2,male,29.0,1,0,SC/PARIS 2167,27.7208,,C,80d91f75
363,0,3,female,45.0,0,1,2691,14.4542,,C,705e7f7b
364,0,3,male,35.0,0,0,SOTON/O.Q. 3101310,7.05,,S,fa46531f
365,0,3,male,,1,0,370365,15.5,,Q,5a49e7cc
366,0,3,male,30.0,0,0,C 7076,7.25,,S,f6165c62
367,1,1,female,60.0,1,0,110813,75.25,D37,C,1b25050d
368,1,3,female,,0,0,2626,7.2292,,C,cb647241
369,1,3,female,,0,0,14313,7.75,,Q,07f2343d
370,1,1,female,24.0,0,0,PC 17477,69.3,B35,C,35bfbfa3
371,1,1,male,25.0,1,0,11765,55.4417,E50,C,a039f2f0
372,0,3,male,18.0,1,0,3101267,6.4958,,S,4f239aba
373,0,3,male,19.0,0,0,323951,8.05,,S,f1aeee97
374,0,1,male,22.0,0,0,PC 17760,135.6333,,C,70a11741
375,0,3,female,3.0,3,1,349909,21.075,,S,b3391844
376,1,1,female,,1,0,PC 17604,82.1708,,C,0b084e36
377,1,3,female,22.0,0,0,C 7077,7.25,,S,fe15875b
378,0,1,male,27.0,0,2,113503,211.5,C82,C,03be7695
379,0,3,male,20.0,0,0,2648,4.0125,,C,2f74edf4
380,0,3,male,19.0,0,0,347069,7.775,,S,6a7fc5c3
381,1,1,female,42.0,0,0,PC 17757,227.525,,C,44ab2058
382,1,3,female,1.0,0,2,2653,15.7417,,C,49aa93a0
383,0,3,male,32.0,0,0,STON/O 2. 3101293,7.925,,S,6cf36245
384,1,1,female,35.0,1,0,113789,52.0,,S,be996938
385,0,3,male,,0,0,349227,7.8958,,S,2f874f91
386,0,2,male,18.0,0,0,S.O.C. 14879,73.5,,S,c7fa2485
387,0,3,male,1.0,5,2,CA 2144,46.9,,S,7099a565
388,1,2,female,36.0,0,0,27849,13.0,,S,24cde3ef
389,0,3,male,,0,0,367655,7.7292,,Q,cb92089b
390,1,2,female,17.0,0,0,SC 1748,12.0,,C,96c9dc3a
391,1,1,male,36.0,1,2,113760,120.0,B96 B98,S,dd5133c7
392,1,3,male,21.0,0,0,350034,7.7958,,S,419e4481
393,0,3,male,28.0,2,0,3101277,7.925,,S,3f2c0952
394,1,1,female,23.0,1,0,35273,113.275,D36,C,cd7d98c6
395,1,3,female,24.0,0,2,PP 9549,16.7,G6,S,bafd38be
396,0,3,male,22.0,0,0,350052,7.7958,,S,67018e20
397,0,3,female,31.0,0,0,350407,7.8542,,S,14379b61
398,0,2,male,46.0,0,0,28403,26.0,,S,0e2fed16
399,0,2,male,23.0,0,0,244278,10.5,,S,fb9dbda2
400,1,2,female,28.0,0,0,240929,12.65,,S,c7b403e0
401,1,3,male,39.0,0,0,STON/O 2. 3101289,7.925,,S,bca336a6
402,0,3,male,26.0,0,0,341826,8.05,,S,c44ef4dd
403,0,3,female,21.0,1,0,4137,9.825,,S,81c60911
404,0,3,male,28.0,1,0,STON/O2. 3101279,15.85,,S,c4cec4b3
405,0,3,female,20.0,0,0,315096,8.6625,,S,3771ce20
406,0,2,male,34.0,1,0,28664,21.0,,S,fda954d0
407,0,3,male,51.0,0,0,347064,7.75,,S,c9b8788b
408,1,2,male,3.0,1,1,29106,18.75,,S,47384db0
409,0,3,male,21.0,0,0,312992,7.775,,S,1b72b51f
410,0,3,female,,3,1,4133,25.4667,,S,88c7a644
411,0,3,male,,0,0,349222,7.8958,,S,8b846e0b
412,0,3,male,,0,0,394140,6.8583,,Q,19ee5f9c
413,1,1,female,33.0,1,0,19928,90.0,C78,Q,1b637d78
414,0,2,male,,0,0,239853,0.0,,S,94a497d1
415,1,3,male,44.0,0,0,STON/O 2. 3101269,7.925,,S,4e00f70a
416,0,3,female,,0,0,343095,8.05,,S,7bf875f0
417,1,2,female,34.0,1,1,28220,32.5,,S,366dc811
418,1,2,female,18.0,0,2,250652,13.0,,S,e949f02c
419,0,2,male,30.0,0,0,28228,13.0,,S,267e3e88
420,0,3,female,10.0,0,2,345773,24.15,,S,c3dfdff6
421,0,3,male,,0,0,349254,7.8958,,C,23c6e644
422,0,3,male,21.0,0,0,A/5. 13032,7.7333,,Q,1f134da8
423,0,3,male,29.0,0,0,315082,7.875,,S,64c9c4fe
424,0,3,female,28.0,1,1,347080,14.4,,S,182cfa00
425,0,3,male,18.0,1,1,370129,20.2125,,S,43e5517c
426,0,3,male,,0,0,A/4. 34244,7.25,,S,cd950913
427,1,2,female,28.0,1,0,2003,26.0,,S,a9e3265a
428,1,2,female,19.0,0,0,250655,26.0,,S,5d43253e
429,0,3,male,,0,0,364851,7.75,,Q,3491c348
430,1,3,male,32.0,0,0,SOTON/O.Q. 392078,8.05,E10,S,4c0fb52d
431,1,1,male,28.0,0,0,110564,26.55,C52,S,0b6d22ea
432,1,3,female,,1,0,376564,16.1,,S,d7626d0a
433,1,2,female,42.0,1,0,SC/AH 3085,26.0,,S,6142a370
434,0,3,male,17.0,0,0,STON/O 2. 3101274,7.125,,S,ea6b230c
435,0,1,male,50.0,1,0,13507,55.9,E44,S,d798990b
436,1,1,female,14.0,1,2,113760,120.0,B96 B98,S,47f29f52
437,0,3,female,21.0,2,2,W./C. 6608,34.375,,S,f67ebd8b
438,1,2,female,24.0,2,3,29106,18.75,,S,69b7b710
439,0,1,male,64.0,1,4,19950,263.0,C23 C25 C27,S,3cc3d826
440,0,2,male,31.0,0,0,C.A. 18723,10.5,,S,e59eaa09
441,1,2,female,45.0,1,1,F.C.C. 13529,26.25,,S,1a3eb451
442,0,3,male,20.0,0,0,345769,9.5,,S,0f6c1815
443,0,3,male,25.0,1,0,347076,7.775,,S,650a08e7
444,1,2,female,28.0,0,0,230434,13.0,,S,6fdc7dda
445,1,3,male,,0,0,65306,8.1125,,S,8c37ba81
446,1,1,male,4.0,0,2,33638,81.8583,A34,S,a357b361
447,1,2,female,13.0,0,1,250644,19.5,,S,34e8f799
448,1,1,male,34.0,0,0,113794,26.55,,S,64357135
449,1,3,female,5.0,2,1,2666,19.2583,,C,92c05008
450,1,1,male,52.0,0,0,113786,30.5,C104,S,8556e257
451,0,2,male,36.0,1,2,C.A. 34651,27.75,,S,c40b9b15
452,0,3,male,,1,0,65303,19.9667,,S,69e837bc
453,0,1,male,30.0,0,0,113051,27.75,C111,C,0b2df15e
454,1,1,male,49.0,1,0,17453,89.1042,C92,C,6862daea
455,0,3,male,,0,0,A/5 2817,8.05,,S,60f0bd35
456,1,3,male,29.0,0,0,349240,7.8958,,C,8ab5bc27
457,0,1,male,65.0,0,0,13509,26.55,E38,S,f2ed4e18
458,1,1,female,,1,0,17464,51.8625,D21,S,44d06525
459,1,2,female,50.0,0,0,F.C.C. 13531,10.5,,S,fb5609e8
460,0,3,male,,0,0,371060,7.75,,Q,78c1cdf1
461,1,1,male,48.0,0,0,19952,26.55,E12,S,33f8b3a5
462,0,3,male,34.0,0,0,364506,8.05,,S,6d96603f
463,0,1,male,47.0,0,0,111320,38.5,E63,S,ea3b82db
464,0,2,male,48.0,0,0,234360,13.0,,S,521258bf
465,0,3,male,,0,0,A/S 2816,8.05,,S,03466915
466,0,3,male,38.0,0,0,SOTON/O.Q. 3101306,7.05,,S,3012f9cd
467,0,2,male,,0,0,239853,0.0,,S,f8d2f3f4
468,0,1,male,56.0,0,0,113792,26.55,,S,0edeeff1
469,0,3,male,,0,0,36209,7.725,,Q,ef916460
470,1,3,female,0.75,2,1,2666,19.2583,,C,7b6d5a4a
471,0,3,male,,0,0,323592,7.25,,S,7c849d70
472,0,3,male,38.0,0,0,315089,8.6625,,S,b82911c0
473,1,2,female,33.0,1,2,C.A. 34651,27.75,,S,088d5724
474,1,2,female,23.0,0,0,SC/AH Basle 541,13.7917,D,C,ffe8e795
475,0,3,female,22.0,0,0,7553,9.8375,,S,4c4006ee
476,0,1,male,,0,0,110465,52.0,A14,S,a049e575
477,0,2,male,34.0,1,0,31027,21.0,,S,705e09f9
478,0,3,male,29.0,1,0,3460,7.0458,,S,481ebdc6
479,0,3,male,22.0,0,0,350060,7.5208,,S,11029668
480,1,3,female,2.0,0,1,3101298,12.2875,,S,0d23f73f
481,0,3,male,9.0,5,2,CA 2144,46.9,,S,31237a95
482,0,2,male,,0,0,239854,0.0,,S,b677b22e
483,0,3,male,50.0,0,0,A/5 3594,8.05,,S,94f043d9
484,1,3,female,63.0,0,0,4134,9.5875,,S,2c0a9f3f
485,1,1,male,25.0,1,0,11967,91.0792,B49,C,ef2effa7
486,0,3,female,,3,1,4133,25.4667,,S,f95eb9dd
487,1,1,female,35.0,1,0,19943,90.0,C93,S,8cf0514f
488,0,1,male,58.0,0,0,11771,29.7,B37,C,60389195
489,0,3,male,30.0,0,0,A.5. 18509,8.05,,S,4b6a9c06
490,1,3,male,9.0,1,1,C.A. 37671,15.9,,S,ce7da64c
491,0,3,male,,1,0,65304,19.9667,,S,e416e91f
492,0,3,male,21.0,0,0,SOTON/OQ 3101317,7.25,,S,625179fe
493,0,1,male,55.0,0,0,113787,30.5,C30,S,3ad6fc12
494,0,1,male,71.0,0,0,PC 17609,49.5042,,C,01da0150
495,0,3,male,21.0,0,0,A/4 45380,8.05,,S,048e2dcd
496,0,3,male,,0,0,2627,14.4583,,C,5893156b
497,1,1,female,54.0,1,0,36947,78.2667,D20,C,6aa28282
498,0,3,male,,0,0,C.A. 6212,15.1,,S,2cc93b91
499,0,1,female,25.0,1,2,113781,151.55,C22 C26,S,2b485e8b
500,0,3,male,24.0,0,0,350035,7.7958,,S,171154b5
501,0,3,male,17.0,0,0,315086,8.6625,,S,d5d83ffe
502,0,3,female,21.0,0,0,364846,7.75,,Q,0afac84c
503,0,3,female,,0,0,330909,7.6292,,Q,03720877
504,0,3,female,37.0,0,0,4135,9.5875,,S,9b808d10
505,1,1,female,16.0,0,0,110152,86.5,B79,S,b258a967
506,0,1,male,18.0,1,0,PC 17758,108.9,C65,C,d9f36817
507,1,2,female,33.0,0,2,26360,26.0,,S,a9afffcb
508,1,1,male,,0,0,111427,26.55,,S,f6de78e2
509,0,3,male,28.0,0,0,C 4001,22.525,,S,55589490
510,1,3,male,26.0,0,0,1601,56.4958,,S,cfe5f1c7
511,1,3,male,29.0,0,0,382651,7.75,,Q,b20f3166
512,0,3,male,,0,0,SOTON/OQ 3101316,8.05,,S,e015c937
513,1,1,male,36.0,0,0,PC 17473,26.2875,E25,S,12a148c2
514,1,1,female,54.0,1,0,PC 17603,59.4,,C,7e0a32c6
515,0,3,male,24.0,0,0,349209,7.4958,,S,164e53a5
516,0,1,male,47.0,0,0,36967,34.0208,D46,S,a0988bce
517,1,2,female,34.0,0,0,C.A. 34260,10.5,F33,S,15d3f1e5
518,0,3,male,,0,0,371110,24.15,,Q,fd4fc108
519,1,2,female,36.0,1,0,226875,26.0,,S,09fe172b
520,0,3,male,32.0,0,0,349242,7.8958,,S,03617277
521,1,1,female,30.0,0,0,12749,93.5,B73,S,4fee348d
522,0,3,male,22.0,0,0,349252,7.8958,,S,b261ad54
523,0,3,male,,0,0,2624,7.225,,C,d8633e70
524,1,1,female,44.0,0,1,111361,57.9792,B18,C,5dbd207b
525,0,3,male,,0,0,2700,7.2292,,C,355db65a
526,0,3,male,40.5,0,0,367232,7.75,,Q,849c61bf
527,1,2,female,50.0,0,0,W./C. 14258,10.5,,S,00c1f7ce
528,0,1,male,,0,0,PC 17483,221.7792,C95,S,e6510a6b
529,0,3,male,39.0,0,0,3101296,7.925,,S,53283786
530,0,2,male,23.0,2,1,29104,11.5,,S,175a7fed
531,1,2,female,2.0,1,1,26360,26.0,,S,c3d2587d
532,0,3,male,,0,0,2641,7.2292,,C,92645242
533,0,3,male,17.0,1,1,2690,7.2292,,C,99a76c5e
534,1,3,female,,0,2,2668,22.3583,,C,8f536820
535,0,3,female,30.0,0,0,315084,8.6625,,S,5c64489b
536,1,2,female,7.0,0,2,F.C.C. 13529,26.25,,S,818f6a70
537,0,1,male,45.0,0,0,113050,26.55,B38,S,42c2f7a9
538,1,1,female,30.0,0,0,PC 17761,106.425,,C,3729940b
539,0,3,male,,0,0,364498,14.5,,S,de7a4c2e
540,1,1,female,22.0,0,2,13568,49.5,B39,C,a22ea806
541,1,1,female,36.0,0,2,WE/P 5735,71.0,B22,S,6d5573ad
542,0,3,female,9.0,4,2,347082,31.275,,S,b7ba33da
543,0,3,female,11.0,4,2,347082,31.275,,S,ec29a975
544,1,2,male,32.0,1,0,2908,26.0,,S,eefa6234
545,0,1,male,50.0,1,0,PC 17761,106.425,C86,C,3b6c2698
546,0,1,male,64.0,0,0,693,26.0,,S,f2c86e05
547,1,2,female,19.0,1,0,2908,26.0,,S,f71766e8
548,1,2,male,,0,0,SC/PARIS 2146,13.8625,,C,924cb4d8
549,0,3,male,33.0,1,1,363291,20.525,,S,7f674e09
550,1,2,male,8.0,1,1,C.A. 33112,36.75,,S,2d993645
551,1,1,male,17.0,0,2,17421,110.8833,C70,C,c56dcf2d
552,0,2,male,27.0,0,0,244358,26.0,,S,40586399
553,0,3,male,,0,0,330979,7.8292,,Q,6e7af798
554,1,3,male,22.0,0,0,2620,7.225,,C,dceda996
555,1,3,female,22.0,0,0,347085,7.775,,S,3c769de8
556,0,1,male,62.0,0,0,113807,26.55,,S,0d9a70ca
557,1,1,female,48.0,1,0,11755,39.6,A16,C,7b7b8cb5
558,0,1,male,,0,0,PC 17757,227.525,,C,d96ff855
559,1,1,female,39.0,1,1,110413,79.65,E67,S,fedba8ea
560,1,3,female,36.0,1,0,345572,17.4,,S,c193e965
561,0,3,male,,0,0,372622,7.75,,Q,51c18d92
562,0,3,male,40.0,0,0,349251,7.8958,,S,3a096bc5
563,0,2,male,28.0,0,0,218629,13.5,,S,c5a5208d
564,0,3,male,,0,0,SOTON/OQ 392082,8.05,,S,19d4af82
565,0,3,female,,0,0,SOTON/O.Q. 392087,8.05,,S,29ce16da
566,0,3,male,24.0,2,0,A/4 48871,24.15,,S,e387ed57
567,0,3,male,19.0,0,0,349205,7.8958,,S,6012f76f
568,0,3,female,29.0,0,4,349909,21.075,,S,84935a6a
569,0,3,male,,0,0,2686,7.2292,,C,806d1923
570,1,3,male,32.0,0,0,350417,7.8542,,S,65a87b6a
571,1,2,male,62.0,0,0,S.W./PP 752,10.5,,S,cf0c66e5
572,1,1,female,53.0,2,0,11769,51.4792,C101,S,016f018a
573,1,1,male,36.0,0,0,PC 17474,26.3875,E25,S,92baadb2
574,1,3,female,,0,0,14312,7.75,,Q,746ace63
575,0,3,male,16.0,0,0,A/4. 20589,8.05,,S,5a4a542d
576,0,3,male,19.0,0,0,358585,14.5,,S,f03cd06f
577,1,2,female,34.0,0,0,243880,13.0,,S,05c70fe5
578,1,1,female,39.0,1,0,13507,55.9,E44,S,356b116d
579,0,3,female,,1,0,2689,14.4583,,C,cb2cf6ab
580,1,3,male,32.0,0,0,STON/O 2. 3101286,7.925,,S,f39de760
581,1,2,female,25.0,1,1,237789,30.0,,S,a3066bd7
582,1,1,female,39.0,1,1,17421,110.8833,C68,C,0759f529
583,0,2,male,54.0,0,0,28403,26.0,,S,dc2a52c0
584,0,1,male,36.0,0,0,13049,40.125,A10,C,d83d187c
585,0,3,male,,0,0,3411,8.7125,,C,34f09b62
586,1,1,female,18.0,0,2,110413,79.65,E68,S,68142ad5
587,0,2,male,47.0,0,0,237565,15.0,,S,d6519e9c
588,1,1,male,60.0,1,1,13567,79.2,B41,C,96ce956c
589,0,3,male,22.0,0,0,14973,8.05,,S,86279094
590,0,3,male,,0,0,A./5. 3235,8.05,,S,b3c3805d
591,0,3,male,35.0,0,0,STON/O 2. 3101273,7.125,,S,209dec4b
592,1,1,female,52.0,1,0,36947,78.2667,D20,C,55b5670f
593,0,3,male,47.0,0,0,A/5 3902,7.25,,S,94916615
594,0,3,female,,0,2,364848,7.75,,Q,7c30ec20
595,0,2,male,37.0,1,0,SC/AH 29037,26.0,,S,e2e63de2
596,0,3,male,36.0,1,1,345773,24.15,,S,81503638
597,1,2,female,,0,0,248727,33.0,,S,538c6f56
598,0,3,male,49.0,0,0,LINE,0.0,,S,e939d962
599,0,3,male,,0,0,2664,7.225,,C,ff18dbc2
600,1,1,male,49.0,1,0,PC 17485,56.9292,A20,C,a8f23642
601,1,2,female,24.0,2,1,243847,27.0,,S,8867f25f
602,0,3,male,,0,0,349214,7.8958,,S,274b01d7
603,0,1,male,,0,0,113796,42.4,,S,53b17196
604,0,3,male,44.0,0,0,364511,8.05,,S,d26af516
605,1,1,male,35.0,0,0,111426,26.55,,C,6fbb8f34
606,0,3,male,36.0,1,0,349910,15.55,,S,62a9a5fc
607,0,3,male,30.0,0,0,349246,7.8958,,S,810ef56a
608,1,1,male,27.0,0,0,113804,30.5,,S,cc286f20
609,1,2,female,22.0,1,2,SC/Paris 2123,41.5792,,C,b1784c17
610,1,1,female,40.0,0,0,PC 17582,153.4625,C125,S,d4fc652e
611,0,3,female,39.0,1,5,347082,31.275,,S,5dc6eabb
612,0,3,male,,0,0,SOTON/O.Q. 3101305,7.05,,S,92308fde
613,1,3,female,,1,0,367230,15.5,,Q,a38369c1
614,0,3,male,,0,0,370377,7.75,,Q,5d763816
615,0,3,male,35.0,0,0,364512,8.05,,S,f37984ce
616,1,2,female,24.0,1,2,220845,65.0,,S,6829697a
617,0,3,male,34.0,1,1,347080,14.4,,S,453f49fa
618,0,3,female,26.0,1,0,A/5. 3336,16.1,,S,98ce1e1d
619,1,2,female,4.0,2,1,230136,39.0,F4,S,3e58ae98
620,0,2,male,26.0,0,0,31028,10.5,,S,86349156
621,0,3,male,27.0,1,0,2659,14.4542,,C,19043a58
622,1,1,male,42.0,1,0,11753,52.5542,D19,S,656ebf95
623,1,3,male,20.0,1,1,2653,15.7417,,C,247c56df
624,0,3,male,21.0,0,0,350029,7.8542,,S,645af132
625,0,3,male,21.0,0,0,54636,16.1,,S,bbfbc2e0
626,0,1,male,61.0,0,0,36963,32.3208,D50,S,cb690458
627,0,2,male,57.0,0,0,219533,12.35,,Q,0c425bd0
628,1,1,female,21.0,0,0,13502,77.9583,D9,S,07234507
629,0,3,male,26.0,0,0,349224,7.8958,,S,d98ccca2
630,0,3,male,,0,0,334912,7.7333,,Q,35323e1d
631,1,1,male,80.0,0,0,27042,30.0,A23,S,1d1d69ce
632,0,3,male,51.0,0,0,347743,7.0542,,S,cf80bc3b
633,1,1,male,32.0,0,0,13214,30.5,B50,C,112c3736
634,0,1,male,,0,0,112052,0.0,,S,a19be479
635,0,3,female,9.0,3,2,347088,27.9,,S,ae82544d
636,1,2,female,28.0,0,0,237668,13.0,,S,22ad48dc
637,0,3,male,32.0,0,0,STON/O 2. 3101292,7.925,,S,9939fa10
638,0,2,male,31.0,1,1,C.A. 31921,26.25,,S,3c28afaf
639,0,3,female,41.0,0,5,3101295,39.6875,,S,7439720c
640,0,3,male,,1,0,376564,16.1,,S,449ef5d2
641,0,3,male,20.0,0,0,350050,7.8542,,S,1b502a60
642,1,1,female,24.0,0,0,PC 17477,69.3,B35,C,7678fb9f
643,0,3,female,2.0,3,2,347088,27.9,,S,1eb6305e
644,1,3,male,,0,0,1601,56.4958,,S,f3a32bc3
645,1,3,female,0.75,2,1,2666,19.2583,,C,3f626c3b
646,1,1,male,48.0,1,0,PC 17572,76.7292,D33,C,bc559284
647,0,3,male,19.0,0,0,349231,7.8958,,S,1ad985d2
648,1,1,male,56.0,0,0,13213,35.5,A26,C,7aaefe70
649,0,3,male,,0,0,S.O./P.P. 751,7.55,,S,a76c5565
650,1,3,female,23.0,0,0,CA. 2314,7.55,,S,b8c3d7a5
651,0,3,male,,0,0,349221,7.8958,,S,6cf24f72
652,1,2,female,18.0,0,1,231919,23.0,,S,32c7d919
653,0,3,male,21.0,0,0,8475,8.4333,,S,54466da8
654,1,3,female,,0,0,330919,7.8292,,Q,b57df950
655,0,3,female,18.0,0,0,365226,6.75,,Q,08669400
656,0,2,male,24.0,2,0,S.O.C. 14879,73.5,,S,3509fab8
657,0,3,male,,0,0,349223,7.8958,,S,05187331
658,0,3,female,32.0,1,1,364849,15.5,,Q,57d46593
659,0,2,male,23.0,0,0,29751,13.0,,S,7daa934c
660,0,1,male,58.0,0,2,35273,113.275,D48,C,3d8691fc
661,1,1,male,50.0,2,0,PC 17611,133.65,,S,1e2c3953
662,0,3,male,40.0,0,0,2623,7.225,,C,4ed4b739
663,0,1,male,47.0,0,0,5727,25.5875,E58,S,52077871
664,0,3,male,36.0,0,0,349210,7.4958,,S,47ae4890
665,1,3,male,20.0,1,0,STON/O 2. 3101285,7.925,,S,25468362
666,0,2,male,32.0,2,0,S.O.C. 14879,73.5,,S,ad7f2958
667,0,2,male,25.0,0,0,234686,13.0,,S,9372c8b0
668,0,3,male,,0,0,312993,7.775,,S,d66d6beb
669,0,3,male,43.0,0,0,A/5 3536,8.05,,S,3027ae16
670,1,1,female,,1,0,19996,52.0,C126,S,19893371
671,1,2,female,40.0,1,1,29750,39.0,,S,81d22e69
672,0,1,male,31.0,1,0,F.C. 12750,52.0,B71,S,4a344bf6
673,0,2,male,70.0,0,0,C.A. 24580,10.5,,S,87330728
674,1,2,male,31.0,0,0,244270,13.0,,S,a355857c
675,0,2,male,,0,0,239856,0.0,,S,97b9ff3f
676,0,3,male,18.0,0,0,349912,7.775,,S,01788f3b
677,0,3,male,24.5,0,0,342826,8.05,,S,6cbda2c3
678,1,3,female,18.0,0,0,4138,9.8417,,S,74e8664a
679,0,3,female,43.0,1,6,CA 2144,46.9,,S,d9ed48ac
680,1,1,male,36.0,0,1,PC 17755,512.3292,B51 B53 B55,C,55a71b88
681,0,3,female,,0,0,330935,8.1375,,Q,008151d7
682,1,1,male,27.0,0,0,PC 17572,76.7292,D49,C,b8438b28
683,0,3,male,20.0,0,0,6563,9.225,,S,4decaeb6
684,0,3,male,14.0,5,2,CA 2144,46.9,,S,6c52c99a
685,0,2,male,60.0,1,1,29750,39.0,,S,52169e56
686,0,2,male,25.0,1,2,SC/Paris 2123,41.5792,,C,d0ee488e
687,0,3,male,14.0,4,1,3101295,39.6875,,S,8bedf768
688,0,3,male,19.0,0,0,349228,10.1708,,S,bea49cfd
689,0,3,male,18.0,0,0,350036,7.7958,,S,4ff4ee9d
690,1,1,female,15.0,0,1,24160,211.3375,B5,S,9c009813
691,1,1,male,31.0,1,0,17474,57.0,B20,S,e779c2f0
692,1,3,female,4.0,0,1,349256,13.4167,,C,e3345998
693,1,3,male,,0,0,1601,56.4958,,S,de50f2cb
694,0,3,male,25.0,0,0,2672,7.225,,C,cc989349
695,0,1,male,60.0,0,0,113800,26.55,,S,b64728da
696,0,2,male,52.0,0,0,248731,13.5,,S,5989d118
697,0,3,male,44.0,0,0,363592,8.05,,S,21b9b938
698,1,3,female,,0,0,35852,7.7333,,Q,a1d348cc
699,0,1,male,49.0,1,1,17421,110.8833,C68,C,f47301c9
700,0,3,male,42.0,0,0,348121,7.65,F G63,S,a707bb15
701,1,1,female,18.0,1,0,PC 17757,227.525,C62 C64,C,50c7c231
702,1,1,male,35.0,0,0,PC 17475,26.2875,E24,S,b20542c1
703,0,3,female,18.0,0,1,2691,14.4542,,C,0f748dfd
704,0,3,male,25.0,0,0,36864,7.7417,,Q,2e7c0b78
705,0,3,male,26.0,1,0,350025,7.8542,,S,b51e9b7e
706,0,2,male,39.0,0,0,250655,26.0,,S,8c85cbce
707,1,2,female,45.0,0,0,223596,13.5,,S,05119957
708,1,1,male,42.0,0,0,PC 17476,26.2875,E24,S,0597d25e
709,1,1,female,22.0,0,0,113781,151.55,,S,78204c71
710,1,3,male,,1,1,2661,15.2458,,C,89b444cd
711,1,1,female,24.0,0,0,PC 17482,49.5042,C90,C,0b6a7105
712,0,1,male,,0,0,113028,26.55,C124,S,740a4730
713,1,1,male,48.0,1,0,19996,52.0,C126,S,1681423d
714,0,3,male,29.0,0,0,7545,9.4833,,S,82dc923b
715,0,2,male,52.0,0,0,250647,13.0,,S,49a9eb5b
716,0,3,male,19.0,0,0,348124,7.65,F G73,S,54c1fcd5
717,1,1,female,38.0,0,0,PC 17757,227.525,C45,C,c1de2d8b
718,1,2,female,27.0,0,0,34218,10.5,E101,S,ec8da009
719,0,3,male,,0,0,36568,15.5,,Q,722ce133
720,0,3,male,33.0,0,0,347062,7.775,,S,25e15723
721,1,2,female,6.0,0,1,248727,33.0,,S,c137c1cf
722,0,3,male,17.0,1,0,350048,7.0542,,S,10943144
723,0,2,male,34.0,0,0,12233,13.0,,S,a741d2bc
724,0,2,male,50.0,0,0,250643,13.0,,S,d599cf64
725,1,1,male,27.0,1,0,113806,53.1,E8,S,e358882a
726,0,3,male,20.0,0,0,315094,8.6625,,S,98fef60c
727,1,2,female,30.0,3,0,31027,21.0,,S,36d543e2
728,1,3,female,,0,0,36866,7.7375,,Q,253304d8
729,0,2,male,25.0,1,0,236853,26.0,,S,f5b560dd
730,0,3,female,25.0,1,0,STON/O2. 3101271,7.925,,S,ba6591cb
731,1,1,female,29.0,0,0,24160,211.3375,B5,S,d0c662bc
732,0,3,male,11.0,0,0,2699,18.7875,,C,40abf7c7
733,0,2,male,,0,0,239855,0.0,,S,68f0f567
734,0,2,male,23.0,0,0,28425,13.0,,S,20b0dc44
735,0,2,male,23.0,0,0,233639,13.0,,S,be397f50
736,0,3,male,28.5,0,0,54636,16.1,,S,ca12c6f2
737,0,3,female,48.0,1,3,W./C. 6608,34.375,,S,7b8cb670
738,1,1,male,35.0,0,0,PC 17755,512.3292,B101,C,4638f047
739,0,3,male,,0,0,349201,7.8958,,S,f2ae23dc
740,0,3,male,,0,0,349218,7.8958,,S,7b3a0dd3
741,1,1,male,,0,0,16988,30.0,D45,S,07d0e516
742,0,1,male,36.0,1,0,19877,78.85,C46,S,58c33b15
743,1,1,female,21.0,2,2,PC 17608,262.375,B57 B59 B63 B66,C,0a668817
744,0,3,male,24.0,1,0,376566,16.1,,S,f73e62e8
745,1,3,male,31.0,0,0,STON/O 2. 3101288,7.925,,S,c32e924f
746,0,1,male,70.0,1,1,WE/P 5735,71.0,B22,S,449885c7
747,0,3,male,16.0,1,1,C.A. 2673,20.25,,S,d4367c58
748,1,2,female,30.0,0,0,250648,13.0,,S,57a6abe2
749,0,1,male,19.0,1,0,113773,53.1,D30,S,4769164e
750,0,3,male,31.0,0,0,335097,7.75,,Q,90df8f1c
751,1,2,female,4.0,1,1,29103,23.0,,S,2cfe18ec
752,1,3,male,6.0,0,1,392096,12.475,E121,S,feefce2c
753,0,3,male,33.0,0,0,345780,9.5,,S,e23d5c84
754,0,3,male,23.0,0,0,349204,7.8958,,S,6142714a
755,1,2,female,48.0,1,2,220845,65.0,,S,29932759
756,1,2,male,0.67,1,1,250649,14.5,,S,877084ed
757,0,3,male,28.0,0,0,350042,7.7958,,S,28d1024c
758,0,2,male,18.0,0,0,29108,11.5,,S,0459ff3f
759,0,3,male,34.0,0,0,363294,8.05,,S,eeb18254
760,1,1,female,33.0,0,0,110152,86.5,B77,S,a2214c28
761,0,3,male,,0,0,358585,14.5,,S,cb3f6418
762,0,3,male,41.0,0,0,SOTON/O2 3101272,7.125,,S,fd76041a
763,1,3,male,20.0,0,0,2663,7.2292,,C,0a2bc680
764,1,1,female,36.0,1,2,113760,120.0,B96 B98,S,e094c0a2
765,0,3,male,16.0,0,0,347074,7.775,,S,d585078f
766,1,1,female,51.0,1,0,13502,77.9583,D11,S,27af1b33
767,0,1,male,,0,0,112379,39.6,,C,a923fa91
768,0,3,female,30.5,0,0,364850,7.75,,Q,aa86f04f
769,0,3,male,,1,0,371110,24.15,,Q,2a24fc7b
770,0,3,male,32.0,0,0,8471,8.3625,,S,c789f134
771,0,3,male,24.0,0,0,345781,9.5,,S,eaf71c4c
772,0,3,male,48.0,0,0,350047,7.8542,,S,e0ddce3e
773,0,2,female,57.0,0,0,S.O./P.P. 3,10.5,E77,S,d6ebfee7
774,0,3,male,,0,0,2674,7.225,,C,61aefb71
775,1,2,female,54.0,1,3,29105,23.0,,S,be3795ac
776,0,3,male,18.0,0,0,347078,7.75,,S,bad3aa5b
777,0,3,male,,0,0,383121,7.75,F38,Q,97ebdac5
778,1,3,female,5.0,0,0,364516,12.475,,S,eeda608a
779,0,3,male,,0,0,36865,7.7375,,Q,6c7974b6
780,1,1,female,43.0,0,1,24160,211.3375,B3,S,6a0d23a7
781,1,3,female,13.0,0,0,2687,7.2292,,C,d8e15471
782,1,1,female,17.0,1,0,17474,57.0,B20,S,87d32158
783,0,1,male,29.0,0,0,113501,30.0,D6,S,fce347fb
784,0,3,male,,1,2,W./C. 6607,23.45,,S,c41d0b28
785,0,3,male,25.0,0,0,SOTON/O.Q. 3101312,7.05,,S,64153de6
786,0,3,male,25.0,0,0,374887,7.25,,S,0e34241c
787,1,3,female,18.0,0,0,3101265,7.4958,,S,f48c3369
788,0,3,male,8.0,4,1,382652,29.125,,Q,1ea8a07e
789,1,3,male,1.0,1,2,C.A. 2315,20.575,,S,b91ee621
790,0,1,male,46.0,0,0,PC 17593,79.2,B82 B84,C,9da1d900
791,0,3,male,,0,0,12460,7.75,,Q,94557e11
792,0,2,male,16.0,0,0,239865,26.0,,S,646850a9
793,0,3,female,,8,2,CA. 2343,69.55,,S,a2815842
794,0,1,male,,0,0,PC 17600,30.6958,,C,d0c3f86c
795,0,3,male,25.0,0,0,349203,7.8958,,S,61e3a0a7
796,0,2,male,39.0,0,0,28213,13.0,,S,6167ed6d
797,1,1,female,49.0,0,0,17465,25.9292,D17,S,a29612c4
798,1,3,female,31.0,0,0,349244,8.6833,,S,68d06383
799,0,3,male,30.0,0,0,2685,7.2292,,C,facadebe
800,0,3,female,30.0,1,1,345773,24.15,,S,7fe4e301
801,0,2,male,34.0,0,0,250647,13.0,,S,415df9fe
802,1,2,female,31.0,1,1,C.A. 31921,26.25,,S,846af910
803,1,1,male,11.0,1,2,113760,120.0,B96 B98,S,244d9c46
804,1,3,male,0.42,0,1,2625,8.5167,,C,e64887cc
805,1,3,male,27.0,0,0,347089,6.975,,S,9b095620
806,0,3,male,31.0,0,0,347063,7.775,,S,b74b47fa
807,0,1,male,39.0,0,0,112050,0.0,A36,S,6228ec9e
808,0,3,female,18.0,0,0,347087,7.775,,S,77b276ad
809,0,2,male,39.0,0,0,248723,13.0,,S,2b5c1e10
810,1,1,female,33.0,1,0,113806,53.1,E8,S,7d713bbe
811,0,3,male,26.0,0,0,3474,7.8875,,S,76e518cf
812,0,3,male,39.0,0,0,A/4 48871,24.15,,S,03224ef4
813,0,2,male,35.0,0,0,28206,10.5,,S,b34924da
814,0,3,female,6.0,4,2,347082,31.275,,S,ff5ade70
815,0,3,male,30.5,0,0,364499,8.05,,S,ccbc0533
816,0,1,male,,0,0,112058,0.0,B102,S,fd6c5e91
817,0,3,female,23.0,0,0,STON/O2. 3101290,7.925,,S,cbadcb1b
818,0,2,male,31.0,1,1,S.C./PARIS 2079,37.0042,,C,1f4fa94a
819,0,3,male,43.0,0,0,C 7075,6.45,,S,47bc2974
820,0,3,male,10.0,3,2,347088,27.9,,S,c4573bc7
821,1,1,female,52.0,1,1,12749,93.5,B69,S,3a8d246e
822,1,3,male,27.0,0,0,315098,8.6625,,S,8a95c9e7
823,0,1,male,38.0,0,0,19972,0.0,,S,9f5f178a
824,1,3,female,27.0,0,1,392096,12.475,E121,S,9c959eab
825,0,3,male,2.0,4,1,3101295,39.6875,,S,db03e593
826,0,3,male,,0,0,368323,6.95,,Q,f25e8706
827,0,3,male,,0,0,1601,56.4958,,S,6cf0386d
828,1,2,male,1.0,0,2,S.C./PARIS 2079,37.0042,,C,993c2c31
829,1,3,male,,0,0,367228,7.75,,Q,4752cf1e
830,1,1,female,62.0,0,0,113572,80.0,B28,,da6f8cf4
831,1,3,female,15.0,1,0,2659,14.4542,,C,a6b5ee2d
832,1,2,male,0.83,1,1,29106,18.75,,S,66dadc95
833,0,3,male,,0,0,2671,7.2292,,C,8cbaa742
834,0,3,male,23.0,0,0,347468,7.8542,,S,a45bc130
835,0,3,male,18.0,0,0,2223,8.3,,S,8769c464
836,1,1,female,39.0,1,1,PC 17756,83.1583,E49,C,adccff39
837,0,3,male,21.0,0,0,315097,8.6625,,S,dfd6fda1
838,0,3,male,,0,0,392092,8.05,,S,4a8f3696
839,1,3,male,32.0,0,0,1601,56.4958,,S,c0263a09
840,1,1,male,,0,0,11774,29.7,C47,C,88089b11
841,0,3,male,20.0,0,0,SOTON/O2 3101287,7.925,,S,241f73ab
842,0,2,male,16.0,0,0,S.O./P.P. 3,10.5,,S,84058bc1
843,1,1,female,30.0,0,0,113798,31.0,,C,694e4d99
844,0,3,male,34.5,0,0,2683,6.4375,,C,dd19aa49
845,0,3,male,17.0,0,0,315090,8.6625,,S,5580d111
846,0,3,male,42.0,0,0,C.A. 5547,7.55,,S,c9107f58
847,0,3,male,,8,2,CA. 2343,69.55,,S,c990204f
848,0,3,male,35.0,0,0,349213,7.8958,,C,c5ce1e50
849,0,2,male,28.0,0,1,248727,33.0,,S,a441d989
850,1,1,female,,1,0,17453,89.1042,C92,C,3561e23b
851,0,3,male,4.0,4,2,347082,31.275,,S,3ae95d79
852,0,3,male,74.0,0,0,347060,7.775,,S,ff67d7e5
853,0,3,female,9.0,1,1,2678,15.2458,,C,217c01a2
854,1,1,female,16.0,0,1,PC 17592,39.4,D28,S,d0f57e4e
855,0,2,female,44.0,1,0,244252,26.0,,S,dd4e89c5
856,1,3,female,18.0,0,1,392091,9.35,,S,4c724f68
857,1,1,female,45.0,1,1,36928,164.8667,,S,c071cdf8
858,1,1,male,51.0,0,0,113055,26.55,E17,S,d071de3a
859,1,3,female,24.0,0,3,2666,19.2583,,C,355c9a1a
860,0,3,male,,0,0,2629,7.2292,,C,37957a45
861,0,3,male,41.0,2,0,350026,14.1083,,S,2baa1846
862,0,2,male,21.0,1,0,28134,11.5,,S,2d2c9371
863,1,1,female,48.0,0,0,17466,25.9292,D17,S,2b8ce320
864,0,3,female,,8,2,CA. 2343,69.55,,S,20335214
865,0,2,male,24.0,0,0,233866,13.0,,S,1e7bb740
866,1,2,female,42.0,0,0,236852,13.0,,S,da02d723
867,1,2,female,27.0,1,0,SC/PARIS 2149,13.8583,,C,d7d26880
868,0,1,male,31.0,0,0,PC 17590,50.4958,A24,S,9137f33b
869,0,3,male,,0,0,345777,9.5,,S,524975bb
870,1,3,male,4.0,1,1,347742,11.1333,,S,499eb7ba
871,0,3,male,26.0,0,0,349248,7.8958,,S,6e06bd39
872,1,1,female,47.0,1,1,11751,52.5542,D35,S,64f081da
873,0,1,male,33.0,0,0,695,5.0,B51 B53 B55,S,cbfd84d7
874,0,3,male,47.0,0,0,345765,9.0,,S,bc35b13a
875,1,2,female,28.0,1,0,P/PP 3381,24.0,,C,d93a6ea9
876,1,3,female,15.0,0,0,2667,7.225,,C,e0fca02f
877,0,3,male,20.0,0,0,7534,9.8458,,S,b258fc4e
878,0,3,male,19.0,0,0,349212,7.8958,,S,6c6e0958
879,0,3,male,,0,0,349217,7.8958,,S,aa28b9d8
880,1,1,female,56.0,0,1,11767,83.1583,C50,C,092e505b
881,1,2,female,25.0,0,1,230433,26.0,,S,5dc3f65f
882,0,3,male,33.0,0,0,349257,7.8958,,S,940cc80c
883,0,3,female,22.0,0,0,7552,10.5167,,S,a7e9982c
884,0,2,male,28.0,0,0,C.A./SOTON 34068,10.5,,S,91c639a2
885,0,3,male,25.0,0,0,SOTON/OQ 392076,7.05,,S,9657466b
886,0,3,female,39.0,0,5,382652,29.125,,Q,9aacc96c
887,0,2,male,27.0,0,0,211536,13.0,,S,76402650
888,1,1,female,19.0,0,0,112053,30.0,B42,S,9d2c4b80
889,0,3,female,,1,2,W./C. 6607,23.45,,S,a88e28aa
890,1,1,male,26.0,0,0,111369,30.0,C148,C,c59f44f1
891,0,3,male,32.0,0,0,370376,7.75,,Q,f5df0510
